beachName,year,days,daysOverLimit,share
Bluffer's Beach Park,2007,89,24,0.2696629213483146
Bluffer's Beach Park,2008,89,16,0.1797752808988764
Bluffer's Beach Park,2009,74,12,0.16216216216216217
Bluffer's Beach Park,2010,100,27,0.27
Bluffer's Beach Park,2011,100,5,0.05
Bluffer's Beach Park,2012,102,6,0.058823529411764705
Bluffer's Beach Park,2013,101,14,0.13861386138613863
Bluffer's Beach Park,2014,105,11,0.10476190476190476
Bluffer's Beach Park,2015,112,11,0.09821428571428571
Bluffer's Beach Park,2016,105,2,0.01904761904761905
Bluffer's Beach Park,2017,103,3,0.02912621359223301
Bluffer's Beach Park,2018,105,7,0.06666666666666667
Bluffer's Beach Park,2019,102,6,0.058823529411764705
Bluffer's Beach Park,2020,80,2,0.025
Bluffer's Beach Park,2021,105,26,0.24761904761904763
Bluffer's Beach Park,2022,105,8,0.0761904761904762
Bluffer's Beach Park,2023,105,10,0.09523809523809523
Bluffer's Beach Park,2024,105,13,0.12380952380952381
Bluffer's Beach Park,2025,104,10,0.09615384615384616
Bluffer's Beach Park,2026,110,13,0.11818181818181818
Centre Island Beach,2007,81,14,0.1728395061728395
Centre Island Beach,2008,84,12,0.14285714285714285
Centre Island Beach,2009,54,6,0.1111111111111111
Centre Island Beach,2010,95,21,0.22105263157894736
Centre Island Beach,2011,98,6,0.061224489795918366
Centre Island Beach,2012,101,9,0.0891089108910891
Centre Island Beach,2013,105,26,0.24761904761904763
Centre Island Beach,2014,105,14,0.13333333333333333
Centre Island Beach,2015,111,13,0.11711711711711711
Centre Island Beach,2016,105,4,0.0380952380952381
Centre Island Beach,2017,103,5,0.04854368932038835
Centre Island Beach,2018,104,9,0.08653846153846154
Centre Island Beach,2019,101,5,0.04950495049504951
Centre Island Beach,2020,74,3,0.04054054054054054
Centre Island Beach,2021,91,15,0.16483516483516483
Centre Island Beach,2022,104,22,0.21153846153846154
Centre Island Beach,2023,103,22,0.21359223300970873
Centre Island Beach,2024,101,25,0.24752475247524752
Centre Island Beach,2025,99,23,0.23232323232323232
Centre Island Beach,2026,110,14,0.12727272727272726
Cherry Beach,2007,89,6,0.06741573033707865
Cherry Beach,2008,88,14,0.1590909090909091
Cherry Beach,2009,74,6,0.08108108108108109
Cherry Beach,2010,100,13,0.13
Cherry Beach,2011,99,4,0.04040404040404041
Cherry Beach,2012,104,8,0.07692307692307693
Cherry Beach,2013,105,12,0.11428571428571428
Cherry Beach,2014,104,4,0.038461538461538464
Cherry Beach,2015,112,11,0.09821428571428571
Cherry Beach,2016,105,2,0.01904761904761905
Cherry Beach,2017,103,12,0.11650485436893204
Cherry Beach,2018,105,9,0.08571428571428572
Cherry Beach,2019,104,6,0.057692307692307696
Cherry Beach,2020,80,2,0.025
Cherry Beach,2021,104,6,0.057692307692307696
Cherry Beach,2022,105,4,0.0380952380952381
Cherry Beach,2023,105,9,0.08571428571428572
Cherry Beach,2024,103,5,0.04854368932038835
Cherry Beach,2025,104,4,0.038461538461538464
Cherry Beach,2026,110,11,0.1
Gibraltar Point Beach,2007,85,3,0.03529411764705882
Gibraltar Point Beach,2008,84,5,0.05952380952380952
Gibraltar Point Beach,2009,54,1,0.018518518518518517
Gibraltar Point Beach,2010,96,7,0.07291666666666667
Gibraltar Point Beach,2011,94,4,0.0425531914893617
Gibraltar Point Beach,2012,98,4,0.04081632653061224
Gibraltar Point Beach,2013,104,11,0.10576923076923077
Gibraltar Point Beach,2014,102,4,0.0392156862745098
Gibraltar Point Beach,2015,111,5,0.04504504504504504
Gibraltar Point Beach,2016,105,2,0.01904761904761905
Gibraltar Point Beach,2017,103,6,0.05825242718446602
Gibraltar Point Beach,2018,105,5,0.047619047619047616
Gibraltar Point Beach,2019,99,6,0.06060606060606061
Gibraltar Point Beach,2020,72,1,0.013888888888888888
Gibraltar Point Beach,2021,89,1,0.011235955056179775
Gibraltar Point Beach,2022,103,3,0.02912621359223301
Gibraltar Point Beach,2023,99,3,0.030303030303030304
Gibraltar Point Beach,2024,101,5,0.04950495049504951
Gibraltar Point Beach,2025,97,6,0.061855670103092786
Gibraltar Point Beach,2026,110,3,0.02727272727272727
Hanlan's Point Beach,2007,87,2,0.022988505747126436
Hanlan's Point Beach,2008,85,6,0.07058823529411765
Hanlan's Point Beach,2009,54,2,0.037037037037037035
Hanlan's Point Beach,2010,97,12,0.12371134020618557
Hanlan's Point Beach,2011,95,5,0.05263157894736842
Hanlan's Point Beach,2012,100,7,0.07
Hanlan's Point Beach,2013,105,11,0.10476190476190476
Hanlan's Point Beach,2014,104,9,0.08653846153846154
Hanlan's Point Beach,2015,112,9,0.08035714285714286
Hanlan's Point Beach,2016,105,5,0.047619047619047616
Hanlan's Point Beach,2017,102,10,0.09803921568627451
Hanlan's Point Beach,2018,104,8,0.07692307692307693
Hanlan's Point Beach,2019,99,7,0.0707070707070707
Hanlan's Point Beach,2020,73,6,0.0821917808219178
Hanlan's Point Beach,2021,95,1,0.010526315789473684
Hanlan's Point Beach,2022,102,8,0.0784313725490196
Hanlan's Point Beach,2023,103,2,0.019417475728155338
Hanlan's Point Beach,2024,103,12,0.11650485436893204
Hanlan's Point Beach,2025,104,3,0.028846153846153848
Hanlan's Point Beach,2026,110,5,0.045454545454545456
Kew Balmy Beach,2007,89,16,0.1797752808988764
Kew Balmy Beach,2008,89,12,0.1348314606741573
Kew Balmy Beach,2009,74,17,0.22972972972972974
Kew Balmy Beach,2010,100,23,0.23
Kew Balmy Beach,2011,101,17,0.16831683168316833
Kew Balmy Beach,2012,105,16,0.1523809523809524
Kew Balmy Beach,2013,105,13,0.12380952380952381
Kew Balmy Beach,2014,105,10,0.09523809523809523
Kew Balmy Beach,2015,112,11,0.09821428571428571
Kew Balmy Beach,2016,105,13,0.12380952380952381
Kew Balmy Beach,2017,103,16,0.1553398058252427
Kew Balmy Beach,2018,105,15,0.14285714285714285
Kew Balmy Beach,2019,105,13,0.12380952380952381
Kew Balmy Beach,2020,81,19,0.2345679012345679
Kew Balmy Beach,2021,104,28,0.2692307692307692
Kew Balmy Beach,2022,105,10,0.09523809523809523
Kew Balmy Beach,2023,105,17,0.1619047619047619
Kew Balmy Beach,2024,104,13,0.125
Kew Balmy Beach,2025,104,24,0.23076923076923078
Kew Balmy Beach,2026,110,13,0.11818181818181818
Marie Curtis Park East Beach,2007,89,31,0.34831460674157305
Marie Curtis Park East Beach,2008,85,51,0.6
Marie Curtis Park East Beach,2009,56,31,0.5535714285714286
Marie Curtis Park East Beach,2010,99,52,0.5252525252525253
Marie Curtis Park East Beach,2011,100,22,0.22
Marie Curtis Park East Beach,2012,100,31,0.31
Marie Curtis Park East Beach,2013,100,45,0.45
Marie Curtis Park East Beach,2014,99,32,0.32323232323232326
Marie Curtis Park East Beach,2015,104,35,0.33653846153846156
Marie Curtis Park East Beach,2016,103,25,0.24271844660194175
Marie Curtis Park East Beach,2017,96,25,0.2604166666666667
Marie Curtis Park East Beach,2018,100,28,0.28
Marie Curtis Park East Beach,2019,103,29,0.2815533980582524
Marie Curtis Park East Beach,2020,77,25,0.3246753246753247
Marie Curtis Park East Beach,2021,93,25,0.26881720430107525
Marie Curtis Park East Beach,2022,105,28,0.26666666666666666
Marie Curtis Park East Beach,2023,104,43,0.41346153846153844
Marie Curtis Park East Beach,2024,104,36,0.34615384615384615
Marie Curtis Park East Beach,2025,103,28,0.27184466019417475
Marie Curtis Park East Beach,2026,105,35,0.3333333333333333
Sunnyside Beach,2007,91,26,0.2857142857142857
Sunnyside Beach,2008,87,41,0.47126436781609193
Sunnyside Beach,2009,70,22,0.3142857142857143
Sunnyside Beach,2010,99,41,0.41414141414141414
Sunnyside Beach,2011,100,24,0.24
Sunnyside Beach,2012,104,26,0.25
Sunnyside Beach,2013,103,40,0.3883495145631068
Sunnyside Beach,2014,103,34,0.3300970873786408
Sunnyside Beach,2015,109,29,0.26605504587155965
Sunnyside Beach,2016,104,22,0.21153846153846154
Sunnyside Beach,2017,102,36,0.35294117647058826
Sunnyside Beach,2018,103,28,0.27184466019417475
Sunnyside Beach,2019,101,30,0.297029702970297
Sunnyside Beach,2020,76,36,0.47368421052631576
Sunnyside Beach,2021,105,26,0.24761904761904763
Sunnyside Beach,2022,105,38,0.3619047619047619
Sunnyside Beach,2023,105,32,0.3047619047619048
Sunnyside Beach,2024,105,36,0.34285714285714286
Sunnyside Beach,2025,104,32,0.3076923076923077
Sunnyside Beach,2026,110,33,0.3
Ward's Island Beach,2007,87,9,0.10344827586206896
Ward's Island Beach,2008,84,13,0.15476190476190477
Ward's Island Beach,2009,53,4,0.07547169811320754
Ward's Island Beach,2010,95,12,0.12631578947368421
Ward's Island Beach,2011,97,6,0.061855670103092786
Ward's Island Beach,2012,101,8,0.07920792079207921
Ward's Island Beach,2013,105,20,0.19047619047619047
Ward's Island Beach,2014,105,6,0.05714285714285714
Ward's Island Beach,2015,112,14,0.125
Ward's Island Beach,2016,105,5,0.047619047619047616
Ward's Island Beach,2017,103,10,0.0970873786407767
Ward's Island Beach,2018,105,8,0.0761904761904762
Ward's Island Beach,2019,102,6,0.058823529411764705
Ward's Island Beach,2020,74,3,0.04054054054054054
Ward's Island Beach,2021,98,4,0.04081632653061224
Ward's Island Beach,2022,105,5,0.047619047619047616
Ward's Island Beach,2023,105,10,0.09523809523809523
Ward's Island Beach,2024,102,9,0.08823529411764706
Ward's Island Beach,2025,104,7,0.0673076923076923
Ward's Island Beach,2026,110,18,0.16363636363636364
Woodbine Beaches,2007,90,10,0.1111111111111111
Woodbine Beaches,2008,87,5,0.05747126436781609
Woodbine Beaches,2009,71,14,0.19718309859154928
Woodbine Beaches,2010,100,15,0.15
Woodbine Beaches,2011,100,1,0.01
Woodbine Beaches,2012,104,8,0.07692307692307693
Woodbine Beaches,2013,105,10,0.09523809523809523
Woodbine Beaches,2014,105,6,0.05714285714285714
Woodbine Beaches,2015,111,5,0.04504504504504504
Woodbine Beaches,2016,105,5,0.047619047619047616
Woodbine Beaches,2017,103,7,0.06796116504854369
Woodbine Beaches,2018,105,11,0.10476190476190476
Woodbine Beaches,2019,105,9,0.08571428571428572
Woodbine Beaches,2020,81,10,0.12345679012345678
Woodbine Beaches,2021,105,14,0.13333333333333333
Woodbine Beaches,2022,105,4,0.0380952380952381
Woodbine Beaches,2023,105,9,0.08571428571428572
Woodbine Beaches,2024,104,15,0.14423076923076922
Woodbine Beaches,2025,104,9,0.08653846153846154
Woodbine Beaches,2026,110,10,0.09090909090909091
