beachName,safeSignDays,daysOverLimit,share
Marie Curtis Park East Beach,1211,323,0.2667217175887696
Sunnyside Beach,1311,329,0.2509534706331045
Kew Balmy Beach,1660,217,0.13072289156626507
Centre Island Beach,1592,186,0.11683417085427136
Bluffer's Beach Park,1731,148,0.0854997111496245
Woodbine Beaches,1791,118,0.06588498045784479
Ward's Island Beach,1714,104,0.060676779463243874
Hanlan's Point Beach,1734,105,0.06055363321799308
Cherry Beach,1811,104,0.05742683600220872
Gibraltar Point Beach,1729,66,0.038172353961827644
